LoanBOT,PERSON
LogicalDOC,PERSON
Government BFSI Telecom,ORG
Mahesh Kumar Jain,PERSON
Mahesh,PERSON
Integra,ORG
Integra's,ORG
Vimla Jogesh,PERSON
Vimla,PERSON
Vimla,PERSON
Government,ORG
Ashwin Shankar,PERSON
Ashwin,PERSON
Integra,ORG
Integra Ashwin,ORG
HSBC in Credit Personal Private Banking,ORG
Manjunatha,PERSON
Manjunatha,PERSON
Integraâ€™s,ORG
Siva,PERSON
RD,ORG
iMFAST,ORG
Bhaskar Jyoti Phukan,PERSON
Bhaskar,PERSON
Integra Bhaskar,ORG
Rishi,PERSON
Integra Rishi,PERSON
Government,ORG
Process Control Systems,ORG
Ravi,PERSON
Ravi,PERSON
Ravi,PERSON
Sandeep Kasliwal,PERSON
Sandeep,PERSON
Sandeep,PERSON
Integra,ORG
the Commerce Corporate Affairs,ORG
Rishabh Jain,PERSON
Rishabh,PERSON
Krishna Murthy,PERSON
Krishna Murthy,PERSON
Integra,ORG
Nitin Shantilal Phuria,PERSON
Nitin,PERSON
Integra,ORG
Nitin,PERSON
African Government,ORG
Tanzania Revenue Authority DataWarehouse Uganda Communications Commission,ORG
D K Subramaniam,PERSON
Subramaniam,PERSON
the Indian Institute Science,ORG
V Gopalakrishna,PERSON
Gopi,PERSON
Integra,ORG
Gopi,PERSON
Jataayu Software,ORG
Comviva Technologies,ORG
Integra,ORG
Gopi's,PERSON
Jyoti Sahai,PERSON
Jyoti,PERSON
Integra,ORG
Ltd.,ORG
Integra Jyoti,ORG
Banking Analytics,ORG
Raj Kesarimall,PERSON
PL,ORG
Raj,PERSON
Comviva Technologies Raj,ORG
Jataayu Software,ORG
Comviva Technologies,ORG
V Sudhakar,PERSON
Sudhakar,PERSON
IISc Bangalore,ORG
Tiger Software,ORG
Satyam,ORG
Police Hospitals Legal,ORG
SLA,ORG
Dr Sudhakar,PERSON
Cooptions Technologies Pvt.,ORG
International,ORG
Sudhakar,PERSON
Namma Bengaluru Foundation,ORG
Rajeev Bhagwat,PERSON
Rajeev,PERSON
Integra,ORG
XL Management,ORG
Integra,ORG
Jakkur Technoparks,PERSON
Integra,ORG
Government BFSI,ORG
Linkedin,PERSON
